{
  "version": "1.0",
  "defaultProvider": "cdnjs",
   "libraries": [
      {
         "library": "twitter-bootstrap@4.3.1",
         "destination": "wwwroot/lib/bootstrap/",
         "files": [
            "css/bootstrap.min.css",
            "js/bootstrap.min.js"
         ]
      },
      {
         "library": "jquery@3.4.1",
         "destination": "wwwroot/lib/jquery/",
         "files": [
            "jquery.min.js"
         ]
      },
      {
         "library": "jquery-validate@1.19.1",
         "destination": "wwwroot/lib/jquery-validate/",
         "files": [
            "jquery.validate.min.js"
         ]
      },
      {
         "library": "jquery-validation-unobtrusive@3.2.11",
         "destination": "wwwroot/lib/jquery-validation-unobtrusive/",
         "files": [
            "jquery.validate.unobtrusive.min.js"
         ]
      },
      {
         "library": "font-awesome@5.11.2",
         "destination": "wwwroot/lib/font-awesome/"
      }
   ]
}